부산광역시 강서구 명지동,e편한세상명지,명지국제2로 80
부산광역시 강서구 명지동,더샵명지퍼스트월드2단지,명지국제7로 37
부산광역시 강서구 명지동,더샵명지퍼스트월드2단지,명지국제7로 37
부산광역시 강서구 명지동,더샵명지퍼스트월드2단지,명지국제7로 37
부산광역시 강서구 명지동,더샵명지퍼스트월드2단지,명지국제7로 37
부산광역시 강서구 명지동,더샵명지퍼스트월드3단지,명지국제2로 41
부산광역시 강서구 명지동,더샵명지퍼스트월드3단지,명지국제2로 41
부산광역시 강서구 명지동,더샵명지퍼스트월드3단지,명지국제2로 41
부산광역시 강서구 명지동,더샵명지퍼스트월드3단지,명지국제2로 41
부산광역시 강서구 명지동,더샵명지퍼스트월드3단지,명지국제2로 41
부산광역시 강서구 명지동,더힐시그니처,명지국제7로 110
부산광역시 강서구 명지동,더힐시그니처,명지국제7로 110
부산광역시 강서구 명지동,더힐시그니처,명지국제7로 110
부산광역시 강서구 명지동,더힐시그니처,명지국제7로 110
부산광역시 강서구 명지동,명지국제신도시삼정그린코아더베스트,명지국제3로 97
부산광역시 강서구 명지동,명지대방노블랜드오션뷰2차,명지국제5로 11
부산광역시 강서구 명지동,명지더웨스턴,명지국제7로 111
부산광역시 강서구 명지동,엘크루블루오션,명지오션시티12로 92
부산광역시 강서구 명지동,엘크루블루오션,명지오션시티6로 33
부산광역시 강서구 명지동,엘크루블루오션,명지오션시티12로 120
부산광역시 금정구 구서동,구서SKVIEW1단지,금샘로246번길 18
부산광역시 금정구 구서동,선경2,구서중앙로 20
부산광역시 금정구 부곡동,부곡동푸르지오,중앙대로 1617-12
부산광역시 금정구 장전동,래미안장전,금정로 20
부산광역시 금정구 장전동,래미안장전,금정로 20
부산광역시 금정구 장전동,래미안장전,금정로 20
부산광역시 금정구 장전동,임페리얼빌라,수림로 134
부산광역시 금정구 장전동,장전동금정산SKVIEW,식물원로 64
부산광역시 금정구 장전동,장전동금정산SKVIEW,식물원로 64
부산광역시 금정구 청룡동,로얄팰리스,청룡예전로 78
부산광역시 기장군 일광읍 삼성리,e편한세상일광,해빛2로 21
부산광역시 기장군 일광읍 삼성리,일광자이푸르지오1단지,해빛로 39-15
부산광역시 기장군 일광읍 삼성리,일광자이푸르지오2단지,해빛로 29
부산광역시 기장군 일광읍 삼성리,일광자이푸르지오2단지,해빛로 29
부산광역시 기장군 정관읍 모전리,정관롯데캐슬2차,51.0
부산광역시 남구 대연동,대연SKVIEWHills,수영로 261
부산광역시 남구 대연동,대연롯데캐슬,수영로325번길 61
부산광역시 남구 대연동,대연롯데캐슬,수영로325번길 61
부산광역시 남구 대연동,대연롯데캐슬레전드1단지,수영로 135
부산광역시 남구 대연동,대연롯데캐슬레전드1단지,수영로 135
부산광역시 남구 대연동,대연롯데캐슬레전드1단지,수영로 135
부산광역시 남구 대연동,대연롯데캐슬레전드1단지,수영로 135
부산광역시 남구 대연동,대연롯데캐슬레전드1단지,수영로 135
부산광역시 남구 대연동,대연롯데캐슬레전드1단지,수영로 135
부산광역시 남구 대연동,대연롯데캐슬레전드1단지,수영로 135
부산광역시 남구 대연동,대연롯데캐슬레전드1단지,수영로 135
부산광역시 남구 대연동,대연롯데캐슬레전드1단지,수영로 135
부산광역시 남구 대연동,대연롯데캐슬레전드1단지,수영로 135
부산광역시 남구 대연동,대연롯데캐슬레전드1단지,수영로 135
부산광역시 남구 대연동,대연롯데캐슬레전드1단지,수영로 135
부산광역시 남구 대연동,대연롯데캐슬레전드1단지,수영로 135
부산광역시 남구 대연동,대연롯데캐슬레전드1단지,수영로 135
부산광역시 남구 대연동,대연롯데캐슬레전드1단지,수영로 135
부산광역시 남구 대연동,대연롯데캐슬레전드2단지,수영로 135
부산광역시 남구 대연동,대연자이,유엔로 246
부산광역시 남구 대연동,대연자이,유엔로 246
부산광역시 남구 대연동,대연힐스테이트푸르지오,수영로 345
부산광역시 남구 대연동,동원로얄듀크,못골로41번길 13
부산광역시 남구 문현동,문현경동리인아파트,문현로 36-2
부산광역시 남구 용호동,오륙도에스케이뷰,오륙도로 85
부산광역시 동구 수정동,협성휴포레부산진역오션뷰,중앙대로 357
부산광역시 동구 초량동,범양레우스센트럴베이,초량중로 114
부산광역시 동래구 낙민동,포레나동래,온천천로339번길 51
부산광역시 동래구 명륜동,명륜2차아이파크1단지,시실로 49
부산광역시 동래구 명륜동,명륜2차아이파크1단지,시실로 49
부산광역시 동래구 명륜동,명륜아이파크1단지,명륜로 170
부산광역시 동래구 명륜동,명륜아이파크1단지,명륜로 170
부산광역시 동래구 명륜동,명륜자이,명륜로139번길 22
부산광역시 동래구 명륜동,명륜자이,명륜로139번길 22
부산광역시 동래구 명륜동,명륜자이,명륜로139번길 22
부산광역시 동래구 명륜동,명륜자이,명륜로139번길 22
부산광역시 동래구 사직동,사직KCC스위첸1단지,사직북로 64
부산광역시 동래구 안락동,안락경동리인,충렬대로446번길 67
부산광역시 동래구 온천동,동래삼정그린코아포레스트,쇠미로 153
부산광역시 동래구 온천동,동래삼정그린코아포레스트,쇠미로 153
부산광역시 동래구 온천동,온천삼정그린코아더베스트,중앙대로1493번길 16
부산광역시 동래구 온천동,온천화신아파트,쇠미로235번길 9
부산광역시 부산진구 개금동,엘지신개금(2-1),백양대로300번길 20
부산광역시 부산진구 범전동,삼한골든뷰센트럴파크,중앙대로 821
부산광역시 부산진구 범전동,삼한골든뷰센트럴파크,중앙대로 821
부산광역시 부산진구 범전동,서면,범전로33번길 62-7
부산광역시 부산진구 범천동,서면이-편한세상,가야대로 702
부산광역시 부산진구 양정동,대원칸타빌멤버스,거제대로 26
부산광역시 부산진구 연지동,연지자이2차,초연로 11
부산광역시 부산진구 전포동,서면아이파크1단지,동성로 50
부산광역시 부산진구 전포동,서면아이파크1단지,동성로 50
부산광역시 부산진구 전포동,서면아이파크1단지,동성로 50
부산광역시 부산진구 전포동,서면아이파크2단지,동성로 50
부산광역시 북구 화명동,e편한세상화명힐스,화명대로 68
부산광역시 북구 화명동,코오롱하늘채1차,화명신도시로 70
부산광역시 북구 화명동,화명동롯데캐슬멤버스,금곡대로 240
부산광역시 북구 화명동,화명롯데캐슬카이저,금곡대로 166
부산광역시 서구 서대신동1가,대신푸르지오1차,대영로38번길 11
부산광역시 서구 토성동1가,토성동경동리인타워,보수대로 27
부산광역시 수영구 남천동,삼익비치,광안해변로 100
부산광역시 수영구 남천동,삼익비치,광안해변로 100
부산광역시 수영구 남천동,삼익비치,광안해변로 100
부산광역시 수영구 민락동,광안리슈빌DS,광남로 166
부산광역시 수영구 민락동,광안현대하이페리온,광남로223번길 31
부산광역시 수영구 민락동,부산더샵센텀포레,수영로 776
부산광역시 수영구 민락동,센텀비스타동원,수영로 754
부산광역시 수영구 민락동,센텀비스타동원,수영로 754
부산광역시 수영구 민락동,수영만아이파크,광안해변로 448
부산광역시 연제구 거제동,거제1차현대홈타운,법원북로 34
부산광역시 연제구 거제동,거제동월드메르디앙,거제천로 233
부산광역시 연제구 거제동,현대,거제대로 198
부산광역시 연제구 연산동,더샵파크시티,안연로 33
부산광역시 연제구 연산동,시청역SKVIEW,중앙대로1043번길 34
부산광역시 연제구 연산동,시청역비스타동원,연제로 30
부산광역시 연제구 연산동,연산더샵,연수로 130
부산광역시 연제구 연산동,연산자이,과정로343번길 43
부산광역시 연제구 연산동,연산자이,과정로343번길 43
부산광역시 연제구 연산동,연제롯데캐슬데시앙,월드컵대로 55
부산광역시 연제구 연산동,연제롯데캐슬데시앙,월드컵대로 55
부산광역시 해운대구 반여동,메가센텀한화꿈에그린,반여로 67
부산광역시 해운대구 우동,대우마리나3,해운대해변로 115
부산광역시 해운대구 우동,롯데,해운대로483번길 10
부산광역시 해운대구 우동,롯데,해운대로483번길 10
부산광역시 해운대구 우동,마린시티자이,마린시티1로 9
부산광역시 해운대구 우동,해운대 I PARK,마린시티2로 38
부산광역시 해운대구 우동,해운대동백두산위브더제니스,해운대로 540
부산광역시 해운대구 우동,해운대두산위브더제니스,마린시티2로 33
부산광역시 해운대구 우동,해운대자이1단지,해운대로 435
부산광역시 해운대구 우동,해운대자이2차1단지,해운대로469번길 110
부산광역시 해운대구 우동,현대카멜리아,마린시티1로 167
부산광역시 해운대구 재송동,더샵센텀누리,해운대로 253
부산광역시 해운대구 재송동,더샵센텀파크2차,센텀중앙로 142
부산광역시 해운대구 재송동,센텀리슈빌2단지,해운대로76번길 40
부산광역시 해운대구 재송동,센텀리슈빌2단지,해운대로76번길 40
부산광역시 해운대구 재송동,센텀리슈빌2단지,해운대로76번길 40
부산광역시 해운대구 재송동,센텀리슈빌2단지,해운대로76번길 40
부산광역시 해운대구 재송동,센텀이편한세상,해운대로76번길 55
부산광역시 해운대구 재송동,센텀이편한세상,해운대로76번길 55
부산광역시 해운대구 재송동,센텀이편한세상,해운대로76번길 55
부산광역시 해운대구 재송동,센텀이편한세상,해운대로76번길 55
부산광역시 해운대구 좌동,대동타운,대천로103번길 29
부산광역시 해운대구 좌동,두산2,대천로 225
부산광역시 해운대구 좌동,롯데4,좌동순환로217번길 8
부산광역시 해운대구 중동,경동메르빌골드,달맞이길65번길 89
부산광역시 해운대구 중동,달맞이경동메르빌,달맞이길65번길 12-12
부산광역시 해운대구 중동,달맞이유림노르웨이숲,달맞이길65번길 33
부산광역시 해운대구 중동,해운대신시가지경동메르빌,해운대로774번길 30
